,X,Y,Associated CH
0,1449.928911880659,439.2642937079838,10
1,472.5735279439394,1925.3291352552542,8
2,1154.9402373832452,867.4000500793082,6
3,1548.1333263351212,852.370613166297,0
4,1830.9686536845034,1791.966031658582,7
5,397.8406173675246,755.5565554757828,14
6,475.5773044997136,651.7768877623915,5
7,1295.105003784577,144.7095982473461,3
8,1678.6114714009873,1696.2723030950895,7
9,798.1219935469526,703.9575411199507,5
10,37.18598791150285,1640.0576810710718,16
11,1964.1725145794103,993.5358464305205,13
12,1676.6154084958062,1350.5101640401504,13
13,1686.9443959352352,1089.1735711181227,13
14,316.5735226352511,1027.0803904390336,1
15,313.1025230274573,924.3436913136409,1
16,863.212579559786,1923.9671375135224,4
17,1758.4367219952615,902.958842632398,0
18,726.416654346632,1096.8473080111346,12
19,536.8470978446502,1868.3407257641318,8
20,1403.2679816526108,1253.2893214617402,11
21,802.4383526158689,835.5289583622358,5
22,1590.811685902056,708.1145371738795,0
23,77.18966137236905,970.4503777060454,1
24,591.9237488401816,1004.1503691909083,12
25,1285.804955571616,1665.315468650024,2
26,1270.8057180701487,1520.861924183323,11
27,767.5637585977997,1321.5899754257564,12
28,1958.450501705906,1808.7627857411985,7
29,1679.2258686438265,1895.0119150551718,7
30,1428.039618502843,955.5929454626515,6
31,954.7827205723655,519.3124616569729,5
32,408.3667826280588,1700.8224606544852,8
33,1548.6358855140732,1956.5918597313982,2
34,657.1501089732755,880.0356993152054,5
35,1803.4075795515728,1488.223430165879,7
36,1901.281049771909,760.3028594548557,0
37,557.7331772725657,593.4470377583581,5
38,1517.004516265734,1095.1112328199042,13
39,1567.5853465162181,512.6738116548346,0
40,1422.117548821126,575.6233896212395,10
41,1187.1555831010126,1475.4589509867058,11
42,98.22379151581285,1650.5273284154355,16
43,751.6794029106466,1890.980850406511,4
44,1894.4211825130385,758.9139953763422,0
45,1180.566301982758,330.7793064899982,3
46,1969.443435353133,1962.60226392735,7
47,1743.3015437608626,1854.9205480808218,7
48,1863.4108628836664,1303.746879196737,13
49,878.7324667613827,649.428906256621,5
50,701.8710517863719,713.6055940758246,5
51,1297.4940400966923,37.37167578733924,3
52,415.0251011010373,1197.4586740211778,1
53,382.543644176472,37.580115287700444,9
54,1496.4701165961735,481.4080857241374,10
55,1119.4391393086325,294.94830581103446,3
56,947.9319621401568,1721.0218448471724,4
57,825.7152643164017,1702.7929672000257,4
58,553.0365385100345,709.3203292770294,5
59,237.66361446427743,1336.880995735711,16
60,220.82642068172277,450.44221017158947,14
61,348.13524071274094,1523.8989155275199,16
62,16.992171309665906,286.53577268271846,9
63,1886.6530051063207,1310.6253669141227,13
64,769.4057988315062,1076.001908270285,12
65,378.34694874041054,1022.2225373893417,1
66,1303.9511464987104,1212.7809051745933,11
67,1373.6702476642606,1047.1744981943893,6
68,1580.2219163979269,1184.2072058241358,13
69,1149.2521997652382,466.3412108599034,10
70,66.25103394859222,322.1937511900759,9
71,179.85887627987407,8.595884083397065,9
72,39.5968708231309,670.0030051235692,14
73,107.87811960835514,1387.7449195287704,16
74,860.0582288821148,1379.2545881369365,12
75,1829.970786279039,521.3946092712123,0
76,1706.8975844377328,146.56988963762151,17
77,149.07252924402292,398.0700046453767,9
78,1339.5394862132775,734.0806217694549,10
79,37.817469934223304,1703.8745437154105,8
80,1744.0005863312383,824.4012553060604,0
81,1440.8752168575465,1088.8471605792865,6
82,446.4841120515823,1769.3482093149657,8
83,81.97261038093684,565.6359532436372,14
84,273.1891528266677,974.3567906269585,1
85,1571.7550317249284,281.40251698823437,17
86,695.299079783734,1156.2956319360524,12
87,81.96075521930868,130.8391720197004,9
88,815.0406240699348,728.4861818865318,5
89,1739.1334331213898,1380.1515406522221,13
90,395.22869139195535,1712.1205514078329,8
91,1100.2364699155976,1400.2539537844214,11
92,678.5300537144989,1653.7276814244083,4
93,229.9134072421758,311.791210056912,9
94,1602.199443092457,563.3457860887212,0
95,1492.4900884463434,1593.9914326305359,2
96,1583.1980696766864,1587.828206065202,7
97,1754.6337973111715,826.5718156269852,0
98,1349.901828996935,1746.0935612404596,2
99,1282.4093728998564,303.48040059042904,3
100,1862.8233474182305,1277.4899387617131,13
101,923.3126864479595,1146.6049592622455,12
102,1742.2510956663032,846.2828319046596,0
103,71.90659914894803,1306.4894737159423,16
104,767.8893077745416,259.08628975630955,15
105,1709.3948713311415,572.7018908120209,0
106,1622.6182957305978,81.46032186752517,17
107,363.6471832990629,1946.761674623947,8
108,958.8012290362444,394.2133732098678,15
109,1798.321625330798,99.70234819859813,17
110,632.0250075010649,241.2619310534485,15
111,1809.8706520512962,247.72191122819785,17
112,1477.651882645442,1835.3037460373127,2
113,503.1744688676716,204.06023890533186,15
114,1101.4898283644338,413.9290243164424,10
115,463.43856573414513,542.4375551055716,5
116,1729.4683900508046,135.43144948501973,17
117,663.9657001420616,1009.5216501119797,12
118,291.9165670151791,952.7569297849569,1
119,1244.9170484821846,272.4385577246036,3
120,98.02918693651152,235.53426787938415,9
121,537.995011887157,1964.5907200868892,8
122,1116.5658543669906,527.8914277003648,10
123,1715.1895754762522,731.9118452323412,0
124,775.9355578037765,276.9509672518533,15
125,1611.7423105044277,73.06359206618707,17
126,86.37648821130672,1463.7702296492037,16
127,769.8320102355341,5.887003842576011,15
128,925.3742536520153,1363.5925727414399,12
129,754.4386233524532,1162.4800719263346,12
130,80.95180451949724,1314.6002244393958,16
131,1669.5381088499457,1591.2793563625162,7
132,292.89762655666783,1604.6055807174446,16
133,908.8294670629269,491.71817876208127,5
134,157.2373469115038,1254.443482413809,16
135,781.6386390092656,860.5429231693524,5
136,1369.6611279834538,1962.1026384028976,2
137,1863.7309269661737,1918.649221748753,7
138,1368.9560877902054,1584.281039365338,11
139,404.89747878068624,413.12422288821926,14
140,717.8341916332893,958.7647132913908,12
141,653.0199038134705,1282.625633499721,12
142,421.1547978953636,1022.4749089156546,1
143,1344.7989256976564,617.5377545161216,10
144,1729.5243506452355,1279.888407855344,13
145,1907.1565387741095,1931.2218920200385,7
146,335.93478053292046,790.8357676116547,14
147,851.1007039139109,1135.8962479993295,12
148,1554.5651018706317,655.0425863304761,0
149,920.6237071644495,251.02397711165113,15
150,201.41350680669333,1181.6173488503437,1
151,1613.5329852659384,921.9415251101312,0
152,1437.9107223641618,952.9741752192917,6
153,910.1022402674959,347.7167125333014,15
154,1777.836944825643,1473.5407300717948,7
155,159.7784873237429,464.8885098620208,14
156,893.3919570559221,223.04295569107134,15
157,757.9137613976312,1814.3385470335324,4
158,1058.7558473069228,1596.3404425242281,4
159,62.14983199190471,701.2846113268891,14
160,1124.7983715080209,1784.4467187688495,2
161,1510.18502974985,178.5687839813439,17
162,631.873601812331,99.13247375562074,15
163,651.5527161249453,1416.4138551461458,12
164,866.149398637583,1646.5097154528803,4
165,217.26769678585512,1348.6970141820932,16
166,966.7091539057491,261.9092797641931,15
167,1751.7756518350961,1452.3055348601915,7
168,1416.7988232529997,197.18414086304125,3
169,144.72115583148826,620.6748009971708,14
170,424.45846653783525,994.7198905481536,1
171,226.75533169879537,1734.1736149642293,8
172,1662.403987410701,915.14143688076,0
173,495.4665503753224,1294.8382249586366,12
174,120.42558704848383,943.274501229053,1
175,341.69995057259905,1271.0652809426429,16
176,1982.0294390636798,1089.1658049942082,13
177,1264.8992715297438,1943.1486056613637,2
178,1705.3590000793995,1454.720263068995,7
179,574.2975206366257,726.0591790621205,5
180,1937.306046608662,1346.8443950974497,13
181,217.02922991797746,657.6743180947113,14
182,948.1578795903374,501.34736416490176,5
183,1190.8981758606328,1941.1900138350263,2
184,1150.2482685613081,63.96891815849126,3
185,1900.0417111789036,1855.2391109969572,7
186,1620.4412053137291,585.6828150907592,0
187,52.11744539905405,292.39539432553016,9
188,830.6260898259978,1109.9995755313926,12
189,62.23113138887415,928.4630979638259,1
190,263.9422588130997,1843.406712255431,8
191,1708.7960952795866,1143.939436061908,13
192,1720.9398096400475,563.1574647952804,0
193,1133.9261941894094,120.30902926012944,3
194,1473.9869152938234,1837.4189456363126,2
195,984.2869878335354,681.1505483486116,5
196,1690.8271821829774,1412.592674078625,13
197,1492.8533005882873,1096.0394167975537,6
198,1553.0894919057118,42.757072091611725,17
199,1014.3839772386203,1890.0214009607294,4
200,1245.629095423765,265.9653510072675,3
201,1666.8497121084858,225.7744860921549,17
202,1544.248519585605,1681.239147206726,7
203,256.1045311298535,1407.3827544415046,16
204,1138.8646197626947,1313.1478758613118,11
205,429.937826391217,646.7085805798158,14
206,1838.0825999205156,1805.1592250244034,7
207,769.6693229836151,1508.8718423014636,4
208,925.1984113385964,272.307432735976,15
209,710.5792857369642,370.4742432146284,15
210,785.5221743571765,1483.8296094347693,4
211,1215.5601652667028,803.6444619355414,6
212,1234.7138401096681,1221.9484115492553,11
213,772.700625412402,440.03698533287314,15
214,246.20126572118673,979.603150597139,1
215,603.572063403336,1047.1083345473173,12
216,1989.8773336195889,513.8752002763538,0
217,132.68111727633226,118.53976736073845,9
218,1267.5945724934732,1498.9059347859447,11
219,1258.6376543939284,1745.2442808995365,2
220,279.49278826303225,1545.9392215011767,16
221,1002.4052271817603,1910.6974788508355,4
222,617.6098397664946,625.4543680379194,5
223,632.495005088162,1458.732094286761,12
224,820.9908663319119,1126.7841172103858,12
225,904.9885302485501,720.9736426515005,5
226,464.36652820785815,157.9226993712599,15
227,1168.5274540513194,1427.6870854476322,11
228,97.11648883821478,1331.4668717339787,16
229,797.0111965819598,209.619177596718,15
230,139.74138616342736,1090.3450504905882,1
231,1033.078518313481,1819.2829667545452,4
232,1030.5807746548353,1439.8589475478232,11
233,849.3452011048759,1374.0975831177016,12
234,446.81510603524856,1005.2899801450461,1
235,1862.5089140539649,1654.0233237268549,7
236,1921.6671779710712,1951.084271303813,7
237,887.4603821654075,1193.104139072179,12
238,72.95767705264366,1494.9957602155064,16
239,1486.366426647352,598.0633220962044,10
240,1424.4498387889441,60.12649434259365,3
241,714.7050232624641,310.34741606983715,15
242,619.629635373997,704.3316604081463,5
243,1994.1600376988654,1859.815816633561,7
244,1171.3597100102427,1086.2752736344935,6
245,1522.8518522404383,467.4771662141364,10
246,1402.5625023557777,1562.084442446275,11
247,980.717927697119,1525.8327063057982,4
248,1780.8990159372377,290.0445235344182,17
249,1883.00820789023,1689.7690131530444,7
250,1415.5793076629561,1784.9825498505595,2
251,1860.1547884858787,1759.7436038915612,7
252,269.7507662776688,1526.2189805710527,16
253,99.51795197141134,1864.085478171712,8
254,1404.2629012547015,534.9774499213911,10
255,1631.0004073794662,740.9951036980817,0
256,352.8489674095083,664.0243119819653,14
257,165.70988378636997,1865.9094694004807,8
258,299.1723966905853,1851.348777839224,8
259,1301.0792312446927,1059.8265124486481,6
260,1463.9282662841722,1615.509137092809,2
261,561.4720783564015,6.552482275937299,15
262,866.1457237522133,227.74126697801302,15
263,386.9902582470699,1573.7597934791786,16
264,1553.4856770641998,361.20577024982236,17
265,1894.4346167521182,1748.80266936322,7
266,1856.3777723644916,1482.4215298557147,7
267,1931.5749280805308,765.0644328294702,0
268,691.4342981720463,603.9727297134216,5
269,390.25646610288356,699.560058001565,14
270,1485.0505710567936,1650.8312222874126,2
271,104.19895762570076,803.245362181537,14
272,1550.5411322684877,682.9536495656635,0
273,1300.004477857115,787.8064137098908,6
274,756.9017035360513,128.6368393202877,15
275,1787.378053533135,1152.272032227043,13
276,615.6345527286721,511.7185167011038,5
277,389.7355584456339,355.8103423413308,9
278,838.5741573468098,27.952922975528203,15
279,569.8348303662957,930.7079907257885,5
280,1092.7086753426179,1668.2841706913907,4
281,427.1189136500768,1614.3262266787708,16
282,1067.460727142179,100.33497949319803,3
283,1928.2935765010466,1513.101582294764,7
284,1891.1606778527273,1694.813753449222,7
285,1097.1573152604506,1084.5384237179703,6
286,319.55971463563435,1586.0327103057293,16
287,330.1878376824725,1243.0636124078706,1
288,1816.3545500671953,1262.753502394284,13
289,691.6257922650697,1215.347930248187,12
290,1910.677377260641,1506.8315499524956,7
291,825.8276800014095,162.60067886409345,15
292,623.1206424550742,1335.960127240461,12
293,1232.4393799946085,239.97605332488158,3
294,1892.7911672316945,1000.2856786966701,13
295,256.85989063207825,755.1799207795202,14
296,1332.4244915244135,269.67688288545367,3
297,969.9623181343474,1008.0337126428966,6
298,1698.720303760231,440.7842651309033,17
299,956.9228826433938,22.645707937620774,3
300,1175.7953993451385,600.2824883629028,10
301,1561.5588543089661,1069.8336877736044,13
302,11.439892854915534,831.3965018227747,14
303,1783.167904034334,331.81808435682615,17
304,548.3117555929032,179.8367440800026,15
305,1765.3076836627638,1147.92321245425,13
306,827.7304207611256,1521.3739489242262,4
307,1310.6499431047955,701.0189977658232,10
308,1466.4232508465034,1633.4839800068066,2
309,223.49245061001156,800.3946074316308,14
310,1274.9341196586631,478.19145488711956,10
311,502.0350386335568,922.3029172261155,1
312,398.72251444752527,515.544708914945,14
313,884.3757877504432,1940.0219481125916,4
314,1328.3435432289893,112.61602446500606,3
315,1617.1372306240526,272.3200438465496,17
316,1350.7959732766699,1014.6471187480544,6
317,318.8220301616875,925.3307999435048,1
318,1492.6679348387963,1930.3949944618237,2
319,158.23754533129542,1336.522873774445,16
320,1908.6062405780394,614.2017702055642,0
321,479.0296155162672,643.8147592324063,5
322,1092.2803850651744,1967.2573552375304,2
323,802.2669261814049,1652.0352415915506,4
324,122.65054372062978,1176.4332637840193,1
325,115.4398702099313,251.41851348153077,9
326,589.7501972953689,1006.4254647743722,12
327,477.79978408840697,1103.7549438380229,1
328,1584.9443795330062,766.9719246102474,0
329,1699.1486478904048,1425.279335842249,13
330,419.7436118468356,1167.906238203273,1
331,217.487516156601,1499.3553758766268,16
332,347.49270331474435,1795.1610057731793,8
333,1293.0193604335986,1091.6563117399132,6
334,512.1755185248539,119.45180039759174,15
335,1096.0784271160578,1837.3221457180905,2
336,501.00953813371564,291.30035421160574,15
337,951.9282740242767,663.4542195146338,5
338,1665.2542166906992,109.2741841933349,17
339,1333.1243330812167,1401.8475014809042,11
340,325.3185458786212,1683.2637001044402,8
341,1847.9688604586984,1993.3358740022156,7
342,753.886753727123,352.46118922315,15
343,1727.0862431701214,261.8089318611423,17
344,1203.6213203352993,531.4827322421105,10
345,1694.3929830313161,282.71288182664375,17
346,906.0001323174853,1558.8232691661833,4
347,984.7005437125251,1598.9308205384277,4
348,1895.5735328566325,829.9166722781495,0
349,58.516550856117846,156.18913536101275,9
350,1658.0244371727747,1486.9458810611764,7
351,1087.85894732549,1320.8864600972167,11
352,1378.0095878472152,1310.397399952958,11
353,1352.8959038261964,1862.0391166645857,2
354,553.2592820885203,821.8203548735617,5
355,9.492040361641418,442.5052643924479,14
356,166.63234425667528,1778.2019026507378,8
357,76.19899979481781,513.7063455252206,14
358,687.7853266338651,27.569608047198322,15
359,1478.4391429084383,1461.3353649519715,11
360,1538.3790325422847,593.970536943167,0
361,1151.7824468991666,1687.8422375952537,2
362,1976.018409236505,1755.3417555776532,7
363,227.08222056056448,1203.8415373154162,1
364,618.7695148694623,1427.8752145998374,12
365,37.38571336224483,1863.6258641385264,8
366,446.64356866484644,733.4895376823367,5
367,731.8234844875335,711.264546942882,5
368,1698.7985909919028,551.5557857726096,0
369,1299.711560576797,1749.922909289542,2
370,1328.5232529268592,1718.341102979204,2
371,881.766216138683,919.0960695098638,5
372,1485.361563507161,907.6126832919509,6
373,1631.7135269126586,183.29537622089708,17
374,93.22412610563124,1891.217428782885,8
375,1326.8268770840261,823.1931958560594,6
376,1658.3928420757773,1747.798032280577,7
377,748.1484347623233,1947.5088102906948,4
378,1951.3912836085005,1395.7448005836952,13
379,1500.644382782335,1880.9818250457176,2
380,634.6487160168026,850.4575801305905,5
381,233.10577014826572,97.1818342739681,9
382,300.38476673007676,35.42008017381604,9
383,594.4746026579004,1230.5498361914706,12
384,968.4175217455537,1440.869429031528,4
385,1344.9713023474176,1406.7801589814437,11
386,1381.4416543842046,595.3626700831159,10
387,1354.4404404506092,802.0803762222331,6
388,307.25682557425785,1982.927306706648,8
389,1337.3042558654042,1409.714664140959,11
390,1580.020681546227,797.3864427310477,0
391,622.9484532625418,888.3659316373072,5
392,1692.374275748437,1747.0917757857158,7
393,1519.8901069830133,284.76061645424244,17
394,899.4119770320599,809.3003422687892,5
395,622.7384455693802,1304.6423790158683,12
396,91.94368279641485,204.72471383000035,9
397,684.0065844771548,1315.9295913522951,12
398,933.8664533798402,1690.3798988183732,4
399,1516.5427985846318,461.929346205288,10
400,805.9444980274748,49.50771219999584,15
401,1997.1072094085403,76.12948401250885,17
402,1376.7348875573477,123.16806406073533,3
403,1098.7832522158787,622.9051386410007,10
404,1048.1002645089404,243.18933476458082,3
405,892.3185059051928,11.912347370609533,15
406,1372.1204306978182,57.94972698497269,3
407,1236.088089342655,1192.8979844690891,11
408,1397.1949056895885,1508.8292521675207,11
409,1713.0795520813865,1601.8546187639552,7
410,490.292838608261,912.191861342478,1
411,1591.5720874035615,1721.7936947540302,7
412,842.0883669465491,1049.2759208210598,12
413,1456.6630476280527,634.0408432281059,10
414,1776.9388526449084,988.6395025997865,13
415,1375.6862734578901,66.23427336297149,3
416,1458.8649636273583,443.66579582462685,10
417,215.11428532806897,530.3936610683409,14
418,935.2533954227927,1231.970598820755,12
419,1303.3011505384793,1349.3816335692536,11
420,1323.9083241753774,1990.9726258316607,2
421,511.30859093110126,146.5007430395171,15
422,1764.4373976807697,476.3838048257478,17
423,1141.7276503113133,1469.1719863518515,11
424,1987.7036788463936,1309.4786324245326,13
425,1624.018546621728,1826.6978254205194,7
426,263.7432025981012,1663.130028409499,8
427,618.9970085327357,1239.2597103706428,12
428,480.84390522949263,1775.409323005537,8
429,1459.667179151916,606.0436768939459,10
430,1309.2128035519925,339.77010077376366,3
431,1794.5351585406588,1461.229782867738,7
432,248.63009045467922,1296.4130557037563,16
433,1466.2663266012569,1528.5068541134217,11
434,1556.841370361406,825.5217181331698,0
435,1083.01446232769,1536.935404501928,11
436,1971.2731519986949,1024.0354277710271,13
437,214.98198589894724,1079.2091891507368,1
438,91.53373393711584,654.0243428627613,14
439,0.2528711888014623,342.61815493265414,9
440,432.38961455280077,1232.3071768394232,1
441,1878.6655047315658,628.7995095101835,0
442,1435.1080485074397,1773.880219650411,2
443,8.57481344381017,384.6424432388671,9
444,859.5402416150022,1831.1161375607767,4
445,753.8756258683841,1462.4153513439157,4
446,1335.3099491315238,772.5010808970814,6
447,1157.4855258866698,1895.129586486897,2
448,681.9945432078922,832.8023649199008,5
449,1336.4107159498103,1703.4146847746565,2
450,923.911178202365,1402.3724751469892,12
451,759.8338851613939,1926.3579080408595,4
452,1383.3414490740502,1735.2788302698207,2
453,166.47179754649645,1746.1651020500312,8
454,765.6148055398193,497.29943259681653,5
455,1993.4324626596797,1038.1816938034328,13
456,450.7769544899656,966.0890712225234,1
457,1906.6139092549631,708.9557053880861,0
458,1643.34201367324,379.3416028687491,17
459,1195.9984854808997,1964.678975730566,2
460,1408.4051631675216,279.5747492024809,3
461,1116.7658097904646,841.3481036981718,6
462,234.00509214170694,59.08687318619488,9
463,950.0979380511927,1665.575288298115,4
464,1051.567280126078,1708.8171521101813,4
465,1897.6075462860008,600.9638156921064,0
466,123.92474261230157,1901.2996200741436,8
467,370.38095925830896,641.1115707687969,14
468,146.31336519644768,1664.0727121600871,16
469,433.01227773569263,905.3640200795874,1
470,1278.4979486786785,1271.4040010165334,11
471,1957.1141331511194,390.698765974161,17
472,1958.0944517942053,1181.9711186788772,13
473,228.68705858052252,550.0625062632016,14
474,91.8799449097365,548.2670682872761,14
475,214.14036597229958,1299.9710474481599,16
476,631.2517119036014,764.128278395934,5
477,989.5311281939763,1460.5937165934713,4
478,1102.2727503069032,1398.6566724252816,11
479,1120.7470315486175,436.27720667781955,10
480,1137.480108888037,1848.125518182382,2
481,825.4786862356956,438.89519069945914,15
482,1405.201962648555,943.7752857576285,6
483,1208.524817883477,1939.2842424751132,2
484,1888.390798862786,125.7517544424549,17
485,98.12030258594694,231.53053594929963,9
486,1302.211156968364,229.3983470896892,3
487,697.4100935422465,1180.0866308971383,12
488,1675.2423103731699,1879.7913585562387,7
489,1280.3039030744667,1449.6321127398744,11
490,877.7192821451523,660.5194303365575,5
491,1225.7708305083015,1862.210628351137,2
492,1637.4510019637423,973.227404749835,0
493,746.4046985066018,1656.4013634292637,4
494,842.1216476020841,1113.4503080183667,12
495,414.17212890495756,1136.3243043365976,1
496,1768.7719832223129,52.98029710326202,17
497,1840.6128135689498,218.6654303761464,17
498,1138.3747730795956,1017.0130969428421,6
499,1996.0919685568495,55.158112011680856,17
500,1350.9273879746086,103.5230531984368,3
501,1445.601344186705,1802.8759781850438,2
502,1329.6351673355323,1099.4820296993346,6
503,1651.8600159308537,1770.4282981079039,7
504,1938.8993595862794,1364.5045516888893,13
505,803.5356345883031,636.9561415905582,5
506,1761.8213042466425,909.3879616019202,0
507,460.2670139710752,1236.3351223345146,1
508,521.8817008538266,998.4762374517535,1
509,247.980168879536,491.4242115981591,14
510,12.182967696538816,784.8419232872645,14
511,1437.833680930046,1318.8095869076249,11
512,1023.5136588362874,183.85531735669304,3
513,512.739251038788,1010.1700867397823,1
514,1748.5770409375364,541.9209486945533,0
515,1552.8723838345263,787.9974688627665,0
516,552.6281394404901,510.8305949986067,5
517,1711.6783509507604,153.28208891321893,17
518,1885.5570903058629,419.19192902948987,17
519,251.0872491055396,1796.4466663851556,8
520,361.74368856348616,1790.8362528285425,8
521,208.70550673986665,451.35083389869754,14
522,1843.1440804878944,389.1931701355671,17
523,1873.9107508283385,1385.8624374583198,13
524,1437.5229773093988,185.93794304644496,3
525,419.4541894204027,297.06402979836975,9
526,874.981908049701,1842.6827685112996,4
527,1419.9079896336293,1115.4381260376902,6
528,202.14022486283832,776.5321260466083,14
529,80.39482149954713,1578.0635919974256,16
530,1216.8785339560916,270.85474476855273,3
531,1677.1159372840962,1052.763132218598,13
532,581.1697728054064,432.9620780666077,15
533,1626.2636255583554,1556.5586763864028,7
534,579.6235119503941,1351.207484650536,12
535,670.8056069594104,1080.884719935792,12
536,1342.5412391278521,1454.4400329665696,11
537,1022.8054239632503,235.08482551875966,3
538,1932.6201924108202,1056.6480118516722,13
539,855.8101173532953,862.5650707515827,5
540,1403.3676886535925,741.1758919224783,10
541,1615.3410317999053,1148.7223090446287,13
542,498.35142724782713,381.1972927821168,15
543,1915.565634429503,851.3893269029746,0
544,841.4580655808563,1995.9157467930354,4
545,1293.4287317417995,351.35425304797343,10
546,1162.9650637230284,388.3787889389634,10
547,689.0200850363177,438.0285700550464,15
548,128.32625173876534,1087.561183851344,1
549,123.1898699544427,256.57562677829503,9
550,642.2563915619027,473.80618380439876,5
551,468.8966462682582,1195.3608367896463,1
552,165.6502974718126,735.5890723429621,14
553,178.57752739149913,117.17479827306488,9
554,1139.3572610666542,1372.595384540716,11
555,1629.5983621548453,49.51556563412262,17
556,1540.3137897799513,1773.5146380775338,2
557,1817.7672631071976,1862.8930443808981,7
558,1257.9176840500775,1892.9197444746712,2
559,1431.7364387282319,125.3419098839752,3
560,100.74262318764227,973.9125495984817,1
561,225.1588235843316,665.3445611748823,14
562,672.9728734513636,1520.0104515439082,4
563,1196.0957510744456,1128.105234193452,6
564,810.4954266360198,66.68536575460205,15
565,721.7783366092157,1397.4279354283117,12
566,759.2063171059675,143.39385731450594,15
567,1413.3301362511797,810.3770257491693,6
568,1539.492796093556,1620.284687958699,7
569,481.3087748214679,1988.5502262882915,8
570,763.6118868185522,703.0408745399088,5
571,1107.9224537257217,18.088644528621913,3
572,723.7540092956656,1323.3015595835166,12
573,388.22604593863616,157.27716764334176,9
574,538.68042025714,212.78541488761005,15
575,1091.6840524061545,446.38485142530817,10
576,1447.5788431438625,607.5694195225212,10
577,1760.741653512488,1426.569403999854,13
578,1040.283362515399,829.9375270651512,6
579,862.4787875560562,1452.6259195713856,4
580,1583.7845668771888,1836.951395649504,7
581,1784.9295344641814,1227.1587386912415,13
582,670.4008866510045,60.425626060403026,15
583,535.6649396446709,170.834818168776,15
584,1938.4401145230368,1535.191569264951,7
585,1486.5796846264768,898.7097742327472,6
586,762.4072250871718,987.0163754822725,12
587,1178.4295318313045,449.0230961331063,10
588,1018.34301556357,424.101736120019,10
589,808.7546072464278,437.2361022581095,15
590,1131.3381718958535,1379.089756652877,11
591,447.85529029206873,1028.142043519231,1
592,1286.7941396629044,1274.5971625322527,11
593,512.7132558897987,482.01457653479054,5
594,1187.7645894778245,931.9488040451265,6
595,81.3590564909814,649.9202064496037,14
596,989.6542805121675,660.7882684209387,5
597,1479.6513948715267,1364.655818225207,11
598,1005.2940943826494,529.499229243062,10
599,161.56213109683804,877.8328064633882,1
600,271.7080444793996,1629.1739957686948,16
601,164.65694015297026,1386.6733496125855,16
602,613.5609151960102,1317.8903003514588,12
603,709.3253622816958,1109.394764827788,12
604,184.66649232546172,1426.0504351587063,16
605,1907.8986922654512,1892.8415713078257,7
606,1880.8222253114134,315.55278748851043,17
607,1379.7644997621223,443.8838349691578,10
608,1412.6722280094932,1846.60534812788,2
609,1704.5616094021764,996.2334409369471,13
610,1886.815038683625,34.586707421176314,17
611,58.80450196330678,1817.646244951642,8
612,1714.6942999626121,587.2017540034777,0
613,1308.10433657041,160.5738418775171,3
614,112.52934331570019,1129.5736142761339,1
615,1397.549032266327,838.2717019856776,6
616,99.05559480646752,1437.390310179255,16
617,1499.8227644022568,1996.3581187553932,2
618,137.21999749654157,1164.1138248273335,1
619,1516.931753443516,2.311829494317408,3
620,433.4958472235855,1547.9126079826872,16
621,1309.1837214943828,568.3439148527143,10
622,1505.8426033338415,686.5753386072909,0
623,483.90348332775955,281.8175669302081,15
624,447.749447249826,597.6651578046508,14
625,924.9015239437012,1726.7962550053264,4
626,1825.6777648442123,1510.754759604429,7
627,1756.5997750923468,1404.3421435612213,13
628,907.3953579787461,254.76399665564765,15
629,1772.581661349744,679.4571635363912,0
630,65.18129675789397,699.8487922521394,14
631,480.0322422876766,238.71900046628846,15
632,1331.0158791205272,39.254836371119154,3
633,505.47541322935905,233.9364774434791,15
634,1082.1300477282741,1825.217855014497,2
635,1766.5198108210768,1664.657346903495,7
636,1164.9717803011158,369.4422217625972,10
637,381.07065980948886,1247.6756257038471,1
638,1931.5138628739976,1377.0540063785618,13
639,1122.653733906325,1735.7813848700198,2
640,1738.293864218314,1911.993238363393,7
641,400.18837828459255,245.4450829308219,9
642,246.40029948756558,520.307712022926,14
643,1480.6771287036174,1207.5909794583793,11
644,743.8076141799905,1827.2847187041966,4
645,1405.1651204343295,1022.634626844193,6
646,1265.1757517208237,1177.4943711124492,11
647,616.9203934121686,223.21152883714745,15
648,898.6895381727187,216.67053896484623,15
649,1369.084444026714,345.5670434859315,10
650,283.9340113680122,697.1361030286542,14
651,156.33003178444628,1044.3979454343503,1
652,1612.2476526821777,702.3448984774434,0
653,1032.2251809455279,167.76890080313157,3
654,1557.517493002305,629.4352560528225,0
655,1296.0704256225506,1994.7029046099215,2
656,1921.0030472933097,288.06298542999167,17
657,603.7497115406902,1362.417560096438,12
658,1132.2955529260141,1665.1328175196206,2
659,1622.1886547572083,168.21337244316447,17
660,1778.82376110936,1877.9868531490042,7
661,513.1195823901378,1527.2574504289562,16
662,376.8965781810594,1456.157351932052,16
663,409.11618055202825,649.9312575825682,14
664,1287.866315769458,1815.2072774552016,2
665,569.2781506296644,1367.306312502824,12
666,1560.3453967118292,33.87659841610646,17
667,755.0071290412976,1539.57213980858,4
668,1732.7310010844908,1833.8584017406984,7
669,19.731791002395305,1179.6782507926746,1
670,1865.590668860403,1780.5726145875988,7
671,182.90331348432966,1794.260725655169,8
672,1597.5977083413802,1591.7257092022799,7
673,1220.9493328226065,1624.9053739930425,2
674,1112.334289558867,861.7965352842479,6
675,1131.6845265556672,113.1541226773638,3
676,90.77309920225419,507.7005226042006,14
677,1210.9777748500994,576.2390831685198,10
678,551.798637093839,1036.4030286936895,12
679,435.9306208425164,1172.3413547098935,1
680,1961.9781643089366,1463.104804540947,7
681,679.3240071600095,299.4324178409187,15
682,1586.34870140622,60.35289317199477,17
683,21.965342276442314,1414.196443996521,16
684,1139.239221376595,637.0336681314965,10
685,801.5701747346013,469.9415400230027,5
686,290.93075931612077,1054.608393089037,1
687,528.1715249610966,1896.5118267242515,8
688,1008.6157344544238,48.03034363891911,3
689,1921.5588948745365,1068.5603074437117,13
690,258.6387864455737,51.371463427688504,9
691,1500.578064697105,621.998192086649,10
692,1108.0757699506032,500.04255916241533,10
693,624.9369160896807,513.8200692611796,5
694,1037.8718614992615,22.804726374369146,3
695,1525.1279588498555,883.2952938202669,0
696,1307.1208164109382,785.7397438202487,6
697,1896.3195580935271,260.9934743216442,17
698,106.3256605868732,1865.1380347074173,8
699,599.8768873440691,1979.4437854242988,8
700,104.70553716593001,1528.0604114235814,16
701,1490.2302993396193,1182.1178545681116,11
702,100.06357146008837,1923.0901165106054,8
703,145.63885400674815,141.13085915303336,9
704,480.17351538879893,744.8150850817392,5
705,981.5116048271981,1504.4096007523995,4
706,1416.0809752072596,944.4220499753626,6
707,403.52532946182464,1137.1486574351775,1
708,151.27697239994032,1795.330715456936,8
709,1713.159174778758,1002.6105935916673,13
710,1275.423066954152,723.465739480929,10
711,966.772523246293,993.4971470006182,6
712,1400.0465296798318,1088.7912034355406,6
713,1350.6609417619545,1184.6212379799683,11
714,1965.9946062315485,981.647150476467,13
715,1100.2840408017619,680.213666934369,10
716,1051.9497197923736,1039.4350859716392,6
717,370.22346308628175,1524.4823925519127,16
718,1714.498322037964,393.0097537396913,17
719,226.97014005089324,1134.9456311686718,1
720,411.2037786630909,1463.307895287115,16
721,1344.6191602842612,788.9419061657286,6
722,991.4518734436471,1738.9154198067502,4
723,1103.7866148229555,1029.0627749797154,6
724,1125.7011502428709,472.3445270591291,10
725,1127.7702853896806,755.6976540614315,6
726,1011.2215834591924,865.4685768924859,6
727,364.1766127710309,1012.0068950568109,1
728,378.8780553529796,705.7369047321081,14
729,1084.877950305933,197.98886171352638,3
730,272.66545173638514,586.6490073862765,14
731,1632.8329707437454,759.8528426840049,0
732,1064.960825009181,1951.1223897532493,2
733,1935.9776885246708,1289.2686128462378,13
734,1628.9224876845574,1436.065482468693,13
735,432.4696466804496,1648.512735445072,8
736,348.4210478916843,313.5869434931133,9
737,1055.9901642259526,685.8393551299769,10
738,1218.4771585060491,138.2003662885436,3
739,1413.5661586031408,1697.0916028492368,2
740,1683.9645669820643,147.78703132986504,17
741,1536.780660666179,885.013215644695,0
742,807.9977613150653,256.18916904481506,15
743,1039.6006241983603,1016.9423513072092,6
744,1582.5446523630433,166.32180984272128,17
745,1564.7684196758084,1869.697944197205,2
746,1976.169039577554,1408.0925571336593,13
747,1590.797688026063,1491.9741150249195,7
748,571.1662767272934,1824.698581034061,8
749,317.3922154299502,1786.5071801405154,8
750,1928.6340995491353,1490.9672993150684,7
751,1037.4361260412636,1178.2296236127854,12
752,1702.9266637880849,402.35664745151144,17
753,1071.9048333989756,755.480942566455,6
754,1623.36748010217,931.459773764893,0
755,331.46265550429297,1644.5540809392824,8
756,1483.3816605164666,1505.745230850887,11
757,1417.5460386939303,1966.2345368442554,2
758,1921.7777402107026,584.2593686768708,0
759,1351.5515213773401,25.32296911492149,3
760,937.2139162011364,276.82155673158707,15
761,827.2983028624659,856.3234368542827,5
762,986.169433257782,1515.1561889201619,4
763,1714.823547072175,1493.7250422824695,7
764,1869.034791956599,1752.601249213816,7
765,258.72730289528414,724.3139742671034,14
766,1268.702707002977,745.5610232186356,6
767,1795.0616411695933,753.5132163595867,0
768,449.8864486513843,286.0305836141828,15
769,1950.134177929002,384.54041733733277,17
770,877.1296453957651,1786.3276686933843,4
771,1721.2337205458373,1683.6533238002291,7
772,63.75361951760006,62.831599244212114,9
773,687.3352665159293,801.5725625272214,5
774,748.9640341443458,1805.2032509602845,4
775,609.8144327861775,698.663785105582,5
776,794.2961370160837,593.6669539471791,5
777,1786.609278612556,1521.9329014348639,7
778,1192.4542028748924,762.1069811402073,6
779,649.8787764642613,162.66476640227867,15
780,1749.9422017005627,739.3875671317329,0
781,289.6196835684175,1894.900291646037,8
782,1332.4606011951225,1537.697700558857,11
783,608.0075835177759,844.7664765118967,5
784,1244.55072529579,1592.6388753357794,11
785,1158.2316299890726,1775.5273704605645,2
786,233.2875125466709,98.87333754714311,9
787,1231.2592119262688,1001.5702625075946,6
788,1315.0705685500184,575.5499130676877,10
789,642.2793868131033,740.6845701461438,5
790,573.5340044198323,788.717745548762,5
791,798.2632737245792,1843.8587327125226,4
792,368.4844373668359,380.6553603965579,9
793,72.46616311589892,1033.6286090984713,1
794,1790.3085721988173,141.23239575036095,17
795,516.6189057877342,110.02413144571732,15
796,580.4600834907836,1170.1824315145059,12
797,529.7885580044954,375.7237701935106,15
798,1957.4511367677978,630.9105004190865,0
799,1037.2479359007225,562.9014435576083,10
800,240.14716256487523,14.317101189758041,9
801,1606.5090379854882,1786.7582926395419,7
802,662.1200756855767,671.5481680174636,5
803,18.93847087008527,304.97054325952513,9
804,1428.682737996204,695.4968668594435,10
805,1947.359907889699,325.9256707886076,17
806,687.6068086644975,1551.1398425233035,4
807,1266.9489175724896,336.1617179489009,3
808,395.77735994083497,1296.7698339469575,16
809,550.1744217870302,137.6642305052571,15
810,1120.23162331401,490.84413758230784,10
811,1299.3982754666843,680.9258708147873,10
812,1091.1840673811644,829.2541886983482,6
813,1531.6478998437315,190.61269214406252,17
814,559.4798011579858,414.31371883684574,15
815,679.4909905168005,1446.0645670128913,12
816,53.75104787269991,1335.3417846312311,16
817,1367.6159446433874,1960.4464562327619,2
818,624.1762613681911,608.4800662633767,5
819,501.87135200190716,568.8074279766711,5
820,166.95381175026847,68.18939988320638,9
821,639.4163084975173,428.9857961772274,15
822,679.3136489866857,704.6219675616899,5
823,11.363011771650777,13.798766862545442,9
824,1750.5403926810397,1309.5653303101437,13
825,334.7445387284882,1553.1835284397846,16
826,904.2519394542534,1435.6149611817777,4
827,1569.2289465004342,658.7595855015875,0
828,1949.0762917425568,446.4553803718445,17
829,864.1180378427131,696.3529075220869,5
830,1374.7088404575932,1660.69122792706,2
831,767.184822523775,1054.617807857363,12
832,35.75022918630921,823.5597847964384,14
833,785.4175109094357,804.0118008679757,5
834,341.29260500456394,181.57462183812422,9
835,130.4961917723335,478.34899659850436,14
836,867.1434755865544,1977.3614309616144,4
837,429.73954507301835,1265.2975521768883,1
838,1566.3117900121258,637.5941764311319,0
839,1471.7876951867688,832.2317299540344,6
840,1860.2256642158627,1152.7210369766553,13
841,1085.4811806120324,1949.0241590655842,2
842,953.1655324435109,1070.773319076348,12
843,294.1602730784119,877.8489263814068,1
844,637.737612188004,132.20812450340858,15
845,472.6566778961263,1069.1851230891739,1
846,417.00137517462866,1228.7475868699698,1
847,943.9964129597396,1214.5411462550096,12
848,1559.8590252607637,695.1940762047764,0
849,2.3591528481947677,896.6986019682408,14
850,1357.3422490303672,1857.2512409963208,2
851,231.50063315561553,1118.8367933815175,1
852,1178.6896691231445,1824.274900518182,2
853,853.7498615058628,150.82580886587226,15
854,380.65476457547476,1408.9645524880107,16
855,543.0685531813069,693.88776142539,5
856,195.45243847427773,1510.1479993783018,16
857,827.5770808830878,413.4943159055222,15
858,1655.812440175567,5.846252399516194,17
859,1367.537251535001,1276.9993898436587,11
860,1459.7501772873832,415.07855155677345,10
861,701.2839732472369,544.2847659424208,5
862,77.90223164795206,1878.4238881514937,8
863,1533.2515498329017,1200.2716658336133,13
864,1760.1961423563205,389.6449598366356,17
865,891.1206156233098,709.6874722061699,5
866,1945.52312990249,1540.435900060799,7
867,979.7291398559413,1163.9919722886357,12
868,1068.5198088532622,580.9395170976719,10
869,1460.8879236534265,379.4777497306303,10
870,1226.5124959293335,1671.0082294100137,2
871,1406.2089954427377,655.526027647459,10
872,1142.6607064373927,1712.7669144991467,2
873,652.5380947297122,445.89492541952126,15
874,1609.678385857966,1646.447140471483,7
875,1175.711395819147,784.3510076187694,6
876,1234.9698172406843,977.7459476500745,6
877,182.74961957886228,1921.9865614062555,8
878,1224.2907778960744,1343.5954350462753,11
879,351.9080195617852,867.4187897790911,1
880,602.9031089485135,1203.0108419822225,12
881,561.0222611382553,1281.3724676779937,12
882,76.23027184966524,1723.3572924305356,8
883,1284.740942739134,751.5016760968139,6
884,1614.2839664990186,1784.0745319707526,7
885,1131.690667965144,102.05411254722651,3
886,1043.3509066152044,9.145953398546292,3
887,296.5362640913205,936.2592340166171,1
888,1953.2453639499277,1202.24953240791,13
889,141.93820701546,1936.950190366349,8
890,582.9639094051832,236.2084811513294,15
891,1702.5568521431744,428.0816791118585,17
892,696.5839809124492,220.90504397350784,15
893,1516.0367972663253,1814.5032601154915,2
894,1726.2420571430193,1415.2002732660762,13
895,309.19940027262396,1578.9499720593294,16
896,427.579548984228,790.3487434942186,14
897,1844.35164869515,1148.7673334297594,13
898,136.4692590653427,425.0825042087587,14
899,405.28692132244146,1545.1606518828528,16
900,1610.0690229056231,169.5437533439279,17
901,843.331002107617,1493.4880739711084,4
902,1173.4340409492258,833.3308426270065,6
903,1769.9806808082915,1820.6529432252944,7
904,1011.1446252701124,1336.3517668580982,11
905,228.07030640243676,93.6743730499845,9
906,1761.4715964834656,1575.1667833663384,7
907,1736.852911141727,1038.8248088180294,13
908,1367.3788616861466,613.3831001671701,10
909,348.51998644353444,1633.7387954229823,8
910,811.4073019266958,1318.8782244120748,12
911,756.0410879567854,1058.1541677797206,12
912,470.98139808297447,1506.7450308631226,16
913,1309.9689485267932,93.9618469848924,3
914,649.8930849560387,1649.6272598663058,4
915,1211.931229459739,1826.4626995056587,2
916,1057.191764100242,1709.265468890949,4
917,1516.900660263071,1730.6119754684705,2
918,1681.9624024293485,903.8578047352383,0
919,974.0739376353827,524.1854157382675,10
920,1098.699365297411,765.9076962267652,6
921,1020.0962306594547,859.814840791048,6
922,653.6669298289941,439.9495068832771,15
923,730.3572770024412,527.0419724792786,5
924,923.7437678277633,355.13730963398046,15
925,491.8275188849346,1218.1043097084003,12
926,1543.9923243997102,1393.094920743383,11
927,39.0623341669103,565.7555099712253,14
928,1650.2677500628843,1712.5073889163195,7
929,814.2282818042268,544.2175396298899,5
930,571.6860855704347,784.0385827092757,5
931,1958.4225414114867,487.2239556027833,17
932,1373.354746832784,305.81820343541864,3
933,35.12855533942538,1319.165048514463,16
934,132.07617580945086,393.38454832643487,9
935,749.7804923105962,1379.1414520596086,12
936,1549.8215309775476,1977.1243319460784,2
937,364.2649707315282,1319.149030137706,16
938,618.817190654474,459.59262630769547,5
939,1691.1630767412203,314.29347332199063,17
940,920.1619475540075,675.4034723057614,5
941,1976.3053104501182,321.15213523645326,17
942,1559.999187072429,846.5190538701542,0
943,960.164915263938,1785.2929232218348,4
944,1354.1911280421702,1735.324515959899,2
945,717.5187177639965,87.14843824378859,15
946,1395.6685639378159,95.31810066383706,3
947,1395.7945722450538,246.57595989425252,3
948,306.69200871268674,1693.8857644616842,8
949,386.39905835361543,1699.950074892409,8
950,108.15326528300662,1868.354398447429,8
951,507.54885763788883,1246.5172828656878,12
952,745.4791068040638,157.64971684880624,15
953,769.257177631117,950.5191794425032,12
954,1569.2620259853975,922.5081216749804,0
955,1889.9326397573798,1441.4142174138246,13
956,284.12659892625226,1064.2278144790048,1
957,371.69870836270456,766.7240980482535,14
958,1864.9900686912792,980.6920949539233,13
959,1127.2196954234175,814.8282860390128,6
960,345.2091698567075,905.3615535406798,1
961,702.9721566035629,669.9034045666972,5
962,243.75295612503,212.90211535509317,9
963,420.73432525245846,1996.5036624656495,8
964,1812.1301698185039,122.14510388102195,17
965,928.6788788487868,491.0379178617807,5
966,1511.0853213553157,481.89007461269017,10
967,1888.9611945592376,1724.1715085930473,7
968,1643.1844180121338,546.5215883486711,0
969,1995.129361740842,1699.7943893723684,7
970,1994.8209532888934,1191.3931654214548,13
971,287.6885653863306,155.0807618055372,9
972,1743.2050260920387,1356.1118798340565,13
973,1158.532591824659,1425.2369502936021,11
974,566.3633760871787,1087.2944031887992,12
975,1469.1135918472164,1837.8667215282378,2
976,1846.5211663819534,1144.1977478834335,13
977,1412.7922443327996,1914.780236200811,2
978,903.5893100781598,1524.4563714781293,4
979,352.45509746530826,196.77531835000272,9
980,1785.6217606853784,447.5937456513537,17
981,1107.6510098426086,24.255593817701815,3
982,1854.3842281579355,935.1446152224008,0
983,1279.6880732187567,709.0125499167208,10
984,1343.0817397460069,1012.3763526120235,6
985,764.0197635729917,1753.9798759809,4
986,1959.5299031812528,1227.5529351770574,13
987,1303.6267616465245,1372.2981603430424,11
988,212.30231050260807,102.86945362030298,9
989,1731.8501347145502,1158.1527749778547,13
990,142.89731576198926,8.297807138805124,9
991,229.1607482698126,660.1185032262811,14
992,484.30232314627995,480.05224657446877,5
993,681.4770579960194,1901.30843673412,4
994,728.7936357614744,508.28409489899815,5
995,1312.5627144374712,320.13894035017245,3
996,67.33687517595843,1356.5331282813302,16
997,1206.8790053003404,833.2316113864073,6
998,1747.3368185053935,1601.6433564617246,7
999,1586.323962872833,315.6639772263918,17
1000,812.48669962962,1274.4946092658583,12
1001,1619.613568739611,767.6160425371442,0
1002,1184.5031339364502,602.2648361924407,10
1003,190.03214746182095,249.0659278635141,9
1004,711.6971415778701,464.65493031804226,5
1005,1052.7507435887298,1532.7064724386357,4
1006,1698.1654319542986,727.6782846611021,0
1007,541.6623593367065,840.4487477702207,5
1008,580.9881139287419,1444.60626981877,12
1009,1124.9801378720915,339.1374869135231,3
1010,1759.4405439066397,80.00898357155073,17
1011,592.3878327220298,1073.4478176998518,12
1012,1644.295610080809,53.49403315567813,17
1013,285.64012270945204,987.9780059669476,1
1014,138.0436947681891,778.7989608583576,14
1015,522.6420118617139,1529.2396296723864,16
1016,838.2527867272878,777.5424058200277,5
1017,1451.8693781027382,276.3726391447017,3
1018,23.669270032679933,1557.7450811248643,16
1019,1908.0726990919356,1651.2877144302186,7
1020,1372.346945079563,1332.211110988153,11
1021,687.5999049678359,1889.5438433615748,4
1022,1071.0650042077643,728.6740794990234,6
1023,1115.82151156795,83.50349557051607,3
1024,1108.3048165398409,91.9819686370471,3
1025,612.0184347535409,1580.8848634698084,4
1026,1638.988638770803,291.7842742647925,17
1027,55.76253644181905,1143.248255023324,1
1028,1453.836671286541,1080.319192924663,6
1029,1805.57431031267,1355.6012762644164,13
1030,1960.9060103858444,997.0131798501411,13
1031,317.92319090853715,1808.1952084031632,8
1032,781.2090142961916,1793.4563672599834,4
1033,979.9836326147024,1532.8136069560892,4
1034,1289.0724325177111,1414.9207685655438,11
1035,1804.6657178452422,466.111129224277,17
1036,1868.6452693843735,1009.6228894596698,13
1037,1667.3604657238109,852.5732404038415,0
1038,1537.5637326774292,1843.63413002256,2
1039,1453.8549463392583,269.54723325048644,3
1040,1989.8958563929134,234.505896172176,17
1041,1160.183255002544,620.6884255011566,10
1042,148.4677348283796,448.55287745415274,14
1043,1115.4048329671182,998.0103205405768,6
1044,830.1261715586284,1670.5721396193492,4
1045,1865.7976044459285,1987.8654061055734,7
1046,1126.9301915560532,742.7154270949184,6
1047,1105.327339348681,1348.9424750186893,11
1048,1229.9094808319478,92.89042639208401,3
1049,476.34880750834105,752.4143819821895,5
1050,446.7188350480853,176.9073703910782,9
1051,1744.7798519713397,22.843898472477697,17
1052,342.2460040958315,1163.2267931802799,1
1053,1301.9026816378816,1087.9148032890716,6
1054,1384.482162862869,1985.9055046609337,2
1055,269.80406376839585,776.5305948091527,14
1056,1720.8989940933432,1766.4000053240957,7
1057,728.2018402890407,1638.6837209580094,4
1058,238.69458556328692,1728.9321606267172,8
1059,391.06856651300825,1668.5380091125633,8
1060,1676.9442085230241,1639.725429796204,7
1061,1507.5012411866785,1986.4265966074804,2
1062,794.9006054585487,32.94366927652037,15
1063,1431.4065793510117,494.654212907506,10
1064,500.7213859058146,270.1066840062478,15
1065,928.6545448024766,1570.9378837715394,4
1066,1802.5478188868908,699.1845337539439,0
1067,322.6150822235603,443.68394844781164,14
1068,1233.7775106045144,103.52175019979315,3
1069,1700.110238399397,1857.2401226592326,7
1070,1365.9720226083086,1097.4990189992718,6
1071,1899.4292607994673,1971.7748938156944,7
1072,1098.306681514326,595.4124520477475,10
1073,38.64881863683167,1133.9622680916254,1
1074,1743.5666964173683,1174.704281971286,13
1075,1732.80201646446,1233.0632754208154,13
1076,1454.6674707996342,1468.5711358135288,11
1077,1243.4622106600557,551.7493760193903,10
1078,318.20548285757087,1899.6075350351582,8
1079,789.2760882129281,1601.2646039495382,4
1080,1277.610342207448,1727.3936247315557,2
1081,1789.916697379619,344.2419345844354,17
1082,1793.3342594864584,574.589618925711,0
1083,1337.8681948560898,659.7667593734058,10
1084,1491.414127823912,460.0976673828394,10
1085,1722.0039357344515,229.68395437439025,17
1086,296.89430625529553,1656.9474410549094,8
1087,702.6977637343939,1026.8057977364808,12
1088,1265.7080295829742,972.381806026428,6
1089,1703.0703627072432,1873.9567854346435,7
1090,1550.5140382584004,1395.3320293251702,11
1091,420.00225337341936,1103.57939121655,1
1092,490.7849693392983,1253.4871071256175,12
1093,59.590628709411895,1583.1305408141104,16
1094,1263.01607057194,1526.7766095034913,11
1095,1858.266374030688,1331.9624149739238,13
1096,832.7862968493458,733.8629637412404,5
1097,577.8209885527446,1343.6407007598866,12
1098,1719.0109038265457,107.65274196793939,17
1099,505.9555298438694,1974.8029131548365,8
1100,979.7273714140806,583.3963916890434,10
1101,1743.2999817733241,281.4234306642327,17
1102,870.2823412850557,465.2388325496115,5
1103,1836.7723198278873,379.9760845555624,17
1104,1143.507618764322,872.0819082798077,6
1105,687.3130260725302,630.6224074023663,5
1106,601.9410090029213,1268.866423628308,12
1107,1425.8782490040812,1628.9203173737735,2
1108,1358.1160741839399,508.8812013297952,10
1109,1421.2533054736673,1557.9626223804623,11
1110,77.1840300699269,697.4847471743486,14
1111,1254.7100616865134,29.356978097627273,3
1112,747.7709966617208,709.2968866077622,5
1113,705.5408148820724,844.2943515278014,5
1114,450.4620413014733,1047.0207232074115,1
1115,1463.0514415818247,1507.9935860208452,11
1116,687.0054106887658,1532.5263023925052,4
1117,415.93907127096475,216.52063782007548,9
1118,826.8712435887488,1563.4176880387615,4
1119,595.4513274062481,1589.0626048797217,4
1120,573.4187989385564,586.1229914996476,5
1121,598.2303270013396,228.34559563829072,15
1122,1619.866727119064,1587.5420235383979,7
1123,410.3900748678475,1012.8284969750381,1
1124,1643.2780101977633,221.97328409722172,17
1125,1625.2505614045906,1246.9049478133545,13
1126,541.4030309973423,1841.1282866826825,8
1127,425.47400569099403,1593.7346141928906,16
1128,1714.346000970085,460.2834539920941,17
1129,485.1604609517617,1082.9703237380988,1
1130,543.4821350696775,1564.8618123251092,16
1131,837.5583363403043,1819.8700528723457,4
1132,490.1763018405396,464.2403743737693,5
1133,167.67384602187963,1409.1312699094929,16
1134,125.60751193450503,1865.7863165857839,8
1135,1581.4840143798365,1594.9512173863895,7
1136,542.3990722962186,1626.5793026628428,8
1137,479.5898094664448,1393.8201465111752,16
1138,58.88512574222404,1149.4383678715726,1
1139,1506.555852189691,1628.745694400315,2
1140,594.4663875779239,1930.3934762384797,8
1141,1459.4176165966655,1674.7325099600123,2
1142,1613.1349443334354,811.9609186042602,0
1143,1112.263227376826,713.5020895588887,10
1144,479.45632334131494,830.7174089230098,5
1145,1822.7236278301702,1326.986980219855,13
1146,71.16480373849976,1787.4776823596783,8
1147,468.6196013939554,534.4220419037342,5
1148,863.193346231598,699.859406321524,5
1149,1161.910306609765,31.90177528577287,3
1150,1248.24846229932,208.3860598567937,3
1151,1874.2808979709528,350.76881546075157,17
1152,828.9323269008518,1383.7092144186138,12
1153,1896.6674249891785,1019.0408800670928,13
1154,322.2913178237079,145.15995397117854,9
1155,994.2907362798345,1899.9311672996544,4
1156,525.4490711366882,973.2953458707085,1
1157,385.3644505275684,951.8244652828167,1
1158,33.80040926177408,295.06986619370724,9
1159,1644.5923505231442,1620.3360811942953,7
1160,427.25524354406684,1420.301605635399,16
1161,602.714664765082,1249.1409169898411,12
1162,778.9949172780641,1082.2913236584657,12
1163,573.6551690839744,1778.7651507120013,8
1164,1625.9483058624191,1864.0280513967198,7
1165,1946.675891779827,1308.2833702646778,13
1166,198.70507172707997,1564.4965964417236,16
1167,193.61811448158295,344.66770655404576,9
1168,202.3159190900099,554.4697774698302,14
1169,892.8575004504064,1948.3199324201498,4
1170,1136.5419388016094,1363.5152934132877,11
1171,1449.8167307238048,1422.9664216257324,11
1172,1363.2704579661963,803.0977038561035,6
1173,1020.6229078717399,404.96117305631583,10
1174,309.22374272751216,1969.9788019617035,8
1175,1211.4895297144956,1198.1063409331075,11
1176,1382.7823086460473,1696.1843159264104,2
1177,702.1067702790335,983.1478227078665,12
1178,1121.26374755368,360.48043857404855,3
1179,435.31973528703196,1762.452743415753,8
1180,1820.8261973664996,968.4693565734772,13
1181,1243.5007081585377,576.0874964398453,10
1182,585.3712289355202,1776.3393747916548,8
1183,1828.3580062870103,709.0195441985667,0
1184,1105.0086750500504,909.2574399899411,6
1185,1610.3152768569137,1267.1757806719304,13
1186,1955.0497281814469,450.40575335849087,17
1187,212.77795321029004,1085.460081750885,1
1188,1138.047612343622,830.0277118032952,6
1189,322.3570765301935,1003.6072708058374,1
1190,1914.1358398869415,1052.8223359144401,13
1191,795.464105622115,1442.621938102189,12
1192,1296.958872544603,20.331287445072064,3
1193,561.3282718670589,656.7793245683349,5
1194,1066.1836502678304,1984.1260207012226,2
1195,196.60434131708638,322.03804704307214,9
1196,291.3688889289645,1406.3317551781172,16
1197,1185.9900257919055,1415.1803626005,11
1198,794.6143097905635,1539.4764495501504,4
1199,679.1267532905998,1216.7564352659085,12
1200,880.8000760400554,1233.6768358355953,12
1201,1654.418258109789,1076.759084173218,13
1202,1265.709564046503,444.64820833087515,10
1203,444.1207188907459,1409.388803743378,16
1204,1938.1817744511402,1687.4752785747103,7
1205,284.5497200097147,1250.4772243845139,1
1206,985.0497258221209,775.1867247476418,6
1207,1070.3473828279775,154.96852860141354,3
1208,1142.7564974182571,1766.0229057421907,2
1209,300.7805948589617,1014.9803098402239,1
1210,1235.2194510295792,447.0908574291277,10
1211,569.3726606400243,233.30960896485186,15
1212,456.09785168439544,874.3322688738901,1
1213,575.8254831058563,873.9337336179633,5
1214,1225.4154611223062,1727.7431545204158,2
1215,780.7179978261636,1536.2880400424897,4
1216,1759.6041648968394,475.28395008213107,17
1217,441.91796688836615,969.1916086457661,1
1218,1218.701006837626,223.76975264806953,3
1219,274.3572504647425,1805.9043074081771,8
1220,60.58199538894926,1227.1378285098467,1
1221,143.18265352550208,512.7107501197244,14
1222,1972.0950240703867,793.5837329828659,0
1223,1665.6500150045742,949.6051302089514,0
1224,287.3507027362341,1606.9884988379843,16
1225,1783.9120762439607,1593.7053567826224,7
1226,393.0910195245516,1044.615257950834,1
1227,777.3211383267756,1108.452038094603,12
1228,788.2798045964072,423.45587642292884,15
1229,822.2522483737072,229.55640407576382,15
1230,484.7865664739726,1502.9474995871824,16
1231,498.1962367645332,120.60425318261525,15
1232,1857.360843830133,1487.3922748796217,7
1233,1935.2383780922173,1207.4631924100386,13
1234,755.4933774717139,322.552235595263,15
1235,206.6363804288014,1180.4070939796995,1
1236,168.77825845224282,909.009410635295,1
1237,1783.9435396880417,1681.0727501004437,7
1238,1084.0154079713568,209.7580956918863,3
1239,1325.3086850932518,1621.6745536687883,2
1240,1198.332306752495,542.8433032457374,10
1241,908.6225516921438,1670.9735407263252,4
1242,1564.2692516991522,583.3148917117962,0
1243,1347.3929411847332,1116.1324535475542,6
1244,339.2786110031627,28.503379902660832,9
1245,621.9891625493441,577.0403502713536,5
1246,1185.6781701056736,1174.24826260962,11
1247,1633.2391546419035,860.5743765032307,0
1248,1619.948742669452,610.6417573726864,0
1249,1300.3421965337589,1090.1983097935995,6
1250,1043.8531367469457,1657.9687312023761,4
1251,1903.2163647724046,1464.6898324106726,7
1252,14.630327680068334,1453.960931337225,16
1253,1428.1159574521962,1014.2721038241715,6
1254,806.474609963763,1050.7327378582072,12
1255,1311.4910976427152,1124.2729006100963,6
1256,1626.5371061560595,1462.1950656941844,7
1257,179.0883782042696,1615.6229291416355,16
1258,1750.5886371565718,1696.402394406866,7
1259,1975.713445244939,1656.1830589650472,7
1260,561.4844860332629,485.36410459113034,5
1261,544.5592087616959,874.6153115065384,5
1262,87.97423536198524,1851.9555812190438,8
1263,1846.8946323147247,51.945773417531036,17
1264,279.98755880020633,767.2705615951946,14
1265,1685.615106437112,331.0101526647169,17
1266,1994.1731460079395,1872.0676951492856,7
1267,1259.0231591064992,857.2959212378133,6
1268,1260.6943227234024,1007.1849812633238,6
1269,383.46757356559505,1237.4657718736562,1
1270,1841.1292420998784,994.0647172620729,13
1271,743.8224838656962,1026.927989931493,12
1272,107.42190475293233,641.137972979388,14
1273,1527.3538815463232,864.8891429508014,0
1274,700.1901342735772,626.6065589427652,5
1275,743.2117328858045,1713.0104940662388,4
1276,539.2027917037343,1515.7913768263961,16
1277,1094.0273271370083,1934.6314704231586,2
1278,802.5512197873028,554.537263563278,5
1279,1452.8437453519844,1272.2023038023615,11
1280,39.35154690638076,681.9473310523814,14
1281,1584.1051704872855,513.0412157572601,0
1282,281.6198041072859,779.7470685582019,14
1283,860.323821221837,1205.7347110798307,12
1284,949.1837972243947,1527.7547882807582,4
1285,1935.8431073278396,19.000030780683463,17
1286,536.7031034303582,1845.7649902966432,8
1287,558.205876883987,380.59575041637885,15
1288,1523.3567344774776,167.17289919643363,17
1289,1448.363529011758,1517.5180645065004,11
1290,1094.568086756231,298.1032173063967,3
1291,342.25140687624213,449.18666867162796,14
1292,1003.7207084049091,8.076600991609784,3
1293,458.93090632382626,1718.8033848510001,8
1294,1192.4857769747064,481.99376919380455,10
1295,1770.4898735616325,741.2824232253998,0
1296,397.7614518780308,434.02935849545844,14
1297,647.5435816253498,1391.182559855229,12
1298,169.19199708413424,293.8114934078555,9
1299,73.927745140153,1882.2645177945724,8
1300,1642.4667498692688,1476.3861550899753,7
1301,54.3689608612099,1084.1922142582973,1
1302,863.042341375072,1543.962938369886,4
1303,1415.7442955354534,1940.883898131071,2
1304,787.0706393231088,299.97330763752217,15
1305,519.8790647494593,762.8327339056337,5
1306,856.9895009917865,1825.268741475316,4
1307,223.15949167279058,1793.1105610873153,8
1308,540.0441958354512,58.16143691604303,15
1309,462.0698985632248,1135.6826952354281,1
1310,1199.1372676683773,1398.9072638756231,11
1311,300.33964610184637,1874.0579928513964,8
1312,35.25076666486826,371.4276790362687,9
1313,233.54187336978958,621.1750454848543,14
1314,915.2593544918473,6.32836274229942,15
1315,1545.147865680828,449.7937225694486,10
1316,1388.0322275769138,234.12551065189336,3
1317,946.6217702956902,1296.5544598099214,12
1318,1451.9911730504828,1724.5306033437919,2
1319,1423.4416747108926,352.05711442093235,10
1320,1484.569891286455,1142.6809211645445,11
1321,1704.67529330948,745.3056011962493,0
1322,267.7282289905585,604.6303138636166,14
1323,1971.3026138514924,907.8960017255599,0
1324,465.9574747972641,1043.1773961202848,1
1325,201.37987039836113,1399.7061746455154,16
1326,1816.913413464211,358.63701822298543,17
1327,440.4119671372353,854.6873959846564,1
1328,757.897929792656,1553.7420269848353,4
1329,1754.3293982269595,393.75544229947536,17
1330,819.6977884381284,246.58578052423553,15
1331,1010.3055413484662,1778.7121918257767,4
1332,1981.736490751553,1494.5592639872432,7
1333,262.01389332631675,1193.3377550118716,1
1334,1860.654940760766,1951.280301801555,7
1335,1025.3164431829439,950.0926698894455,6
1336,797.4017451017894,1127.232952048869,12
1337,1496.8945961835539,698.1889259556293,0
1338,165.86931157188033,1589.7396166021742,16
1339,921.2012198474688,1265.2373027563274,12
1340,731.0005832746449,1990.7298145569716,4
1341,1559.3844047039645,1202.354912758276,13
1342,335.02614977446734,25.58548797361415,9
1343,1171.5817047020328,1794.882442776922,2
1344,1474.5267318814183,178.51942766896545,3
1345,644.49346232864,219.368215041152,15
1346,928.8562326352088,859.482331981215,5
1347,1766.4592503723004,496.03208429036647,0
1348,1004.9526217235281,1593.9327015750343,4
1349,552.2335993926068,826.4490336603918,5
1350,691.7342855922062,705.0000529702392,5
1351,1751.1059771948453,480.59708715090886,17
1352,1555.6867417882336,1376.3014516952057,11
1353,1843.2074953309095,1717.1109874971335,7
1354,1890.440722801415,566.458774113904,0
1355,1834.4352378954973,492.7221106179187,0
1356,237.7319145328376,911.7610749900468,1
1357,1123.337109968255,175.0714680779797,3
1358,91.16686398036377,1042.0856519611648,1
1359,620.4686990090911,1692.982276551107,4
1360,1759.4694600319074,179.51760237935144,17
1361,1912.7047771964892,1015.0735343071133,13
1362,246.78819301249888,1201.3871129526915,1
1363,888.0041597644255,217.79803297251422,15
1364,1228.5707371930018,623.507410820445,10
1365,1418.516916324316,1008.611036980263,6
1366,1190.7856540740738,1661.109763395191,2
1367,1055.7447643665319,915.5988295882711,6
1368,1905.2410064032658,671.3430843546058,0
1369,1921.7803628506733,191.60764198537206,17
1370,944.0176302039598,632.3716208096921,5
1371,1045.1134438829981,1033.009762396756,6
1372,1461.6582759795358,1631.796444820741,2
1373,799.7177688512522,1073.458905367446,12
1374,1092.7019840975245,1274.4538820431158,11
1375,823.8874272147216,1897.2552396921371,4
1376,531.8237259647407,1168.1158323583377,12
1377,1848.0209944992307,1868.0207905427717,7
1378,1748.9895570031647,607.7230538635572,0
1379,294.6543933946615,925.3784970587276,1
1380,1291.9140316589705,62.24660689709549,3
1381,1915.3542916399902,773.3627922086392,0
1382,106.1938803025484,74.47782587418206,9
1383,1184.4299310030553,1449.5048922995816,11
1384,1818.1566378845293,231.78862602464312,17
1385,1223.178311040025,1908.3746341645003,2
1386,1079.0280498624588,1721.6024226671486,4
1387,1721.5515341249818,1838.9939025109413,7
1388,166.14232321020728,1817.523089898921,8
1389,1806.011016289333,1856.5487471681229,7
1390,1351.4513369342183,1477.8324704589381,11
1391,684.940306219324,1633.7620723965106,4
1392,138.88258092104365,865.1225531345632,14
1393,408.5186265269953,483.89053068522924,14
1394,1980.7384363571039,557.9134970735873,0
1395,488.3940975956034,649.2605583159794,5
1396,1420.9189938802394,242.77632071406984,3
1397,1451.2017282126444,797.3214391971302,6
1398,1357.3330790345037,1917.1973723804876,2
1399,747.4546553782553,1074.7384970503601,12
1400,231.6368073509627,131.75612431340312,9
1401,553.2435247983691,1072.2023778378973,12
1402,18.03993987709496,788.3971235061529,14
1403,78.5428605703391,1939.967341991059,8
1404,1464.182158175797,1208.9974626383732,11
1405,1012.7191097832748,510.3424444978788,10
1406,991.4193683171924,1481.0363255270336,4
1407,511.8404322578833,756.8870679339943,5
1408,1780.088486369575,1752.7547656921113,7
1409,647.2133823663551,1430.6160786067649,12
1410,1351.9151810300862,1702.5471715902413,2
1411,697.6888143448592,1911.2656686623702,4
1412,374.99057416422966,1072.6460244846512,1
1413,1152.62251305987,1807.052074200873,2
1414,1198.3787799344793,842.8914306490653,6
1415,1923.4942967581344,61.29024172575059,17
1416,934.5261701505656,558.3490855744575,5
1417,208.08254442351347,922.3234032376564,1
1418,223.88381741192487,1120.2550062292917,1
1419,1508.2017095789295,1517.5455937178199,11
1420,1320.4035404133115,457.8909911642781,10
1421,711.3463398844768,1678.0467257991675,4
1422,1281.9910692053238,1807.0504555154976,2
1423,141.83082161387816,195.2594951090243,9
1424,63.04678422468224,451.5568223167927,14
1425,1500.726767521165,1985.2619948401689,2
1426,1645.8584248597037,874.2219458592855,0
1427,1912.5726893696515,1483.803297343952,7
1428,929.2239221062732,1596.9714399526833,4
1429,1427.9422002172498,908.0370918493104,6
1430,37.06254741108928,1281.9938576799398,16
1431,601.8160600486393,1734.1462315129343,4
1432,230.07730641687309,106.34243337859539,9
1433,954.0544158553661,1418.2689908748819,4
1434,138.12124757173927,1625.8734491274251,16
1435,827.0357884434299,1121.2038633288673,12
1436,1044.702631710843,867.0835992863767,6
1437,1856.427262354798,667.5435820460336,0
1438,1434.5614452941932,1577.4794419994662,11
1439,1750.553091905943,1777.4120359865462,7
1440,795.7213336193976,689.5892349490924,5
1441,144.0378641634532,1216.1957498491645,1
1442,835.7253654143568,430.0621496796007,15
1443,1877.4503783319155,813.256793800768,0
1444,1460.5398347563969,1847.611153756546,2
1445,1257.0190827414665,1420.495370170347,11
1446,884.449245148112,8.116791754307906,15
1447,556.5520971050786,1623.4410598079503,4
1448,321.9201610703537,765.9755456579203,14
1449,1247.8523313350256,1800.8212022800976,2
1450,1805.4445738301297,412.0250268194261,17
1451,1524.2621353957832,1344.7452602732426,11
1452,295.2603571716075,1717.4331657668176,8
1453,1775.801348846337,1788.9961519667283,7
1454,471.5070261244796,1587.9724535437333,16
1455,1329.7022547032175,1235.3427892155798,11
1456,1983.4696881644263,1325.7070987671034,13
1457,1591.6761808748506,1585.552341046819,7
1458,950.5133399263364,233.10941002358575,15
1459,1182.4708401113628,1588.3901962324712,11
1460,1289.5147146338204,303.0050561063915,3
1461,908.8421604830921,275.24780736717,15
1462,982.4952851839748,1228.1166068193058,12
1463,1978.0435104725216,1710.2139385947014,7
1464,1886.2332145009582,132.35217923121567,17
1465,54.073421783764395,1534.629340099038,16
1466,625.4674348768439,828.4223648634659,5
1467,863.6280377991317,481.54174400427354,5
1468,471.999295339278,710.7401609912451,5
1469,1574.5984406945852,1191.7294248250942,13
1470,1234.441549954289,147.8127633444539,3
1471,640.4765534487309,440.2127326097709,15
1472,1266.6164332632288,1127.6281631336174,6
1473,1239.6350884913174,1558.2081117956045,11
1474,25.86764817729059,560.2966967000675,14
1475,1092.732372139214,1963.5622742685869,2
1476,1048.9719644391569,1438.867159874382,11
1477,719.4008736177244,1272.9178588817194,12
1478,1067.4093183134103,896.6538645476186,6
1479,1160.84742598064,1835.6662533954814,2
1480,1172.6715450937807,725.2740097305581,10
1481,1959.384102496439,187.97812806918103,17
1482,183.59441210214754,1463.3886948430486,16
1483,1323.9611184200091,1435.734333829588,11
1484,928.8097524998045,1058.1191080649185,12
1485,1451.246361970637,313.24386347188414,3
1486,245.29765030116434,1866.2613872973561,8
1487,297.0260514727736,82.62099155633274,9
1488,112.02300174878866,1665.08019837568,16
1489,1925.254306919954,1.5582688195521222,17
1490,1721.65373498678,299.2041888981498,17
1491,1510.6460322126936,1640.3124716380094,2
1492,1341.3069009508692,1762.6056510754856,2
1493,252.8664600346613,1356.2249861350188,16
1494,1618.6306215296286,1543.2854645874866,7
1495,188.65189031794262,77.04921808969888,9
1496,1195.7654105910879,1375.321354570166,11
1497,1201.5888646250617,525.5122673174286,10
1498,553.1916771590712,275.731503425976,15
1499,97.9249562771809,305.75296588127657,9
1500,1996.0647980081033,1804.578970892343,7
1501,21.781466043236275,1570.2805017021597,16
1502,10.157318106198687,686.7030623216688,14
1503,82.77657967509965,1757.0714316687377,8
1504,1420.6686801566068,32.88675101449678,3
1505,1640.4022400762851,1413.995100066484,13
1506,578.3813037497966,622.7073970309589,5
1507,1543.9649786014622,944.7158315237849,0
1508,1964.9258628767473,1896.5133249291139,7
1509,1404.498859638058,864.7676269606139,6
1510,266.4615956533365,1778.0489301030875,8
1511,227.7418861809013,1522.7559193063287,16
1512,1050.2838554581076,349.1053122895322,3
1513,466.0339369372006,1365.7184972756015,16
1514,1858.458131837274,893.928698841541,0
1515,724.938839995841,1556.9346182171616,4
1516,990.3275949293106,1327.116768249328,12
1517,849.5481503202586,984.616701628183,12
1518,584.5189667327905,287.52817950184715,15
1519,688.4368487721755,660.7737699565693,5
1520,911.0565225606853,1596.7971851497318,4
1521,1317.6939507352952,510.5430803323048,10
1522,592.4491297011491,1950.5561053118292,8
1523,1345.5747057667015,1511.772872036161,11
1524,1080.4764524501663,874.779974873437,6
1525,1089.8051452028149,1590.8055423914113,4
1526,1700.3168620842787,683.2550403087796,0
1527,776.067486665968,1717.0970189728732,4
1528,397.9600752203785,1107.746344832325,1
1529,1963.0259723521258,142.05860912864864,17
1530,126.60059420840697,655.9310177423677,14
1531,221.50242448381684,776.4295294208603,14
1532,1065.5233710839152,927.0130041365765,6
1533,1374.3501466687076,24.429620063450173,3
1534,1893.4679710866158,614.8216547110652,0
1535,1430.6040081352903,982.712706453001,6
1536,42.07853545450679,266.1701077528016,9
1537,1888.8826191245068,735.9227050336175,0
1538,1554.2533936005843,1010.9803649500382,13
1539,1774.4964950597584,864.6610677637005,0
1540,290.55815857023595,801.4392539300705,14
1541,385.17233275636806,796.7655531627813,14
1542,247.55288300272827,841.4658236369206,14
1543,1435.9992842214076,943.833147626821,6
1544,1478.5675687649132,1286.17746120017,11
1545,1434.8866851982414,14.543196937205849,3
1546,105.7203190240581,1828.0881161068367,8
1547,802.8882688760827,1795.6015101125067,4
1548,1318.4453498210391,1710.2174464601683,2
1549,803.1709383152032,776.6004908424036,5
1550,125.17352661032444,1080.5129860122915,1
1551,1495.291772322477,1895.6857621737652,2
1552,1324.8610483134798,1664.3947494445404,2
1553,1012.9344967874003,620.0425017763876,10
1554,1688.795804459811,944.9221625750446,0
1555,1516.37007314612,61.453409608906554,17
1556,195.27249899305676,1970.7985870312348,8
1557,1381.7019029329629,1018.2636294982408,6
1558,686.0547693819849,1009.7471475858808,12
1559,1305.244054136891,713.8367728238472,10
1560,529.2554330364003,1801.6636604793437,8
1561,1860.7614929477247,1111.9229899881263,13
1562,1291.705387961604,646.3952209328747,10
1563,1760.1479425430632,382.8569189271571,17
1564,155.11017929271677,1135.5458845590038,1
1565,888.3659169574552,1820.7589802400414,4
1566,1759.4822514432622,477.46740866758387,17
1567,991.6977293051503,304.77440601052575,3
1568,447.58488474987536,1451.5975072997453,16
1569,537.5344916013694,1578.0571421737043,16
1570,1946.1644879770897,1078.5605606121335,13
1571,1513.4549834785869,1722.0188198679202,2
1572,790.2440529837924,1707.7738059714623,4
1573,716.4903538446721,953.9124966323898,12
1574,1607.8049973133593,394.5956633656218,17
1575,1631.3087729364006,339.0397113752528,17
1576,889.5376838170084,1042.3004741958703,12
1577,1527.249102094426,1767.1471642189601,2
1578,240.56502674473478,1879.9985288955543,8
1579,702.608295083662,1202.0878544140621,12
1580,1348.5350315030491,1856.9665908409506,2
1581,472.49386409344464,1419.2383216574685,16
1582,1562.8354470881102,1721.8754356782404,7
1583,872.8180058671402,58.806856725956315,15
1584,1888.249681559945,912.1136112013796,0
1585,1129.5008327848825,949.8285177721102,6
1586,1434.9385081601615,721.0702341503223,10
1587,672.8688901536559,1074.3737248346392,12
1588,878.9928643422118,1964.3006127423064,4
1589,225.31290827726846,407.2510125000583,9
1590,687.7326791971466,1902.0322554284087,4
1591,801.2705918697967,7.556208707918621,15
1592,6.991398243865188,47.65300617535395,9
1593,1001.4631952432402,1818.7414815551099,4
1594,555.2415336273242,1372.247947442751,12
1595,504.4484062653656,626.8775713095336,5
1596,1014.3312682014671,546.2740405367022,10
1597,1830.6964301403884,1345.1676132528921,13
1598,1583.1601274852824,466.3566582296768,17
1599,1080.4890072285023,142.31225136943925,3
1600,1461.5886850063894,496.08898987883475,10
1601,1065.5685753649843,1685.585933145045,4
1602,324.63009167869484,164.8029010158498,9
1603,1663.4890535637173,227.61689802602092,17
1604,1931.308290844469,807.6728600528788,0
1605,1494.6120311572354,74.05592623797985,3
1606,1886.861769148199,763.4637097446488,0
1607,244.8895109540461,1532.0648445869867,16
1608,838.0014608557225,1431.723442146023,12
1609,373.166146300955,1752.6130064605604,8
1610,1235.8604369402133,1378.2950115361189,11
1611,753.2885809399603,1449.437787815583,12
1612,650.5571243226833,954.6348763157708,12
1613,1075.8397109071054,1227.0541508723734,11
1614,1060.6650863624434,238.35405012992882,3
1615,248.35378322869173,1482.2465565154605,16
1616,260.1958165503915,1443.9290087257218,16
1617,1061.754641866415,184.37906449339602,3
1618,1056.5099560445287,1990.8845997507879,2
1619,1676.110138477434,1030.9915599943597,13
1620,1948.1570965186688,125.92520564349208,17
1621,656.8472982471416,839.7088392099917,5
1622,63.75431713939017,918.1701011706908,1
1623,994.5219212471617,1598.641772309646,4
1624,362.73343505513077,1289.8892039447467,16
1625,424.2949054925815,922.2194727251076,1
1626,1823.5710781988207,870.8234682660989,0
1627,1621.376380818158,1678.1970122095693,7
1628,1233.5327390081368,955.868700504228,6
1629,1281.2985701544605,841.3724391001465,6
1630,639.3956300891797,562.2504066746235,5
1631,549.378315472703,1504.1663942027153,16
1632,1328.944960442239,1418.4077351620374,11
1633,1920.0808049480731,1189.2898049411335,13
1634,1580.8107965163529,143.93124654168753,17
1635,507.4014219031622,1678.6635484215626,8
1636,985.2104141065307,5.328073967073577,3
1637,1450.6007244436387,1270.6886974022057,11
1638,1002.7111962596666,446.9133293815415,10
1639,716.1274275830956,16.83475858981387,15
1640,301.4736477497304,1846.7530610618464,8
1641,1502.5494967055754,1280.0651390108992,11
1642,1343.4588048910696,1743.6432904905944,2
1643,1702.7182410167284,1899.5037657413402,7
1644,394.1383688267335,600.0838971573723,14
1645,1922.5517511407966,1590.8835057241824,7
1646,887.0746338861507,1216.1156628701096,12
1647,525.1691309722606,744.9872862120251,5
1648,1983.8630136869451,822.1839404365599,0
1649,22.09104230083403,1607.5120186708946,16
1650,835.6573496705399,794.1359439802364,5
1651,1091.2201747979682,158.19372786508913,3
1652,563.2230660785484,564.8643687713025,5
1653,1927.430087637604,1144.8947506279196,13
1654,1856.7129652991396,134.7669422020621,17
1655,1931.9330703303972,205.02540328716523,17
1656,1735.4077188634008,1403.1035226473068,13
1657,1352.1913487225688,1475.3038932094569,11
1658,190.31753714402865,1439.8781952921106,16
1659,471.01108953811746,228.20818554930833,15
1660,1941.2177367093657,1075.4346055080377,13
1661,1824.078243783806,724.4948915334479,0
1662,1426.463933440551,586.8092655621524,10
1663,544.3904541926587,1661.2319198857383,8
1664,1874.918742420703,1477.6384022452364,7
1665,1104.6239153572117,1869.9037904355298,2
1666,622.230546074311,343.8556455298347,15
1667,244.1357883445272,118.42331455363619,9
1668,1554.2280456445867,632.1166587315982,0
1669,128.1839787719563,1344.6163765274412,16
1670,133.34528610611596,784.7855760800295,14
1671,769.787248076916,495.6472342071061,5
1672,7.5778621243598465,915.1729668225803,1
1673,1335.4731506935457,79.86617552911368,3
1674,681.3267357416947,1529.0846427635965,4
1675,263.33132341160393,1059.8882393029567,1
1676,1235.3701806500396,484.34748622653603,10
1677,1027.7066349545603,1771.8306622226953,4
1678,366.16838956392917,233.2651747825123,9
1679,783.5241965052944,274.3421282629961,15
1680,638.1195249523013,1443.6350237949728,12
1681,574.714368991402,1881.5924977226705,8
1682,1315.4862151280834,102.14805109395053,3
1683,1554.439112256704,1146.4891453918071,13
1684,265.86156695583486,1014.4703954995831,1
1685,1249.9777490813121,855.3795435998743,6
1686,1433.8585819158895,1303.4566368163546,11
1687,313.21056199036445,1340.2670016549491,16
1688,1550.0345289650181,76.19534476992752,17
1689,1615.981659157321,800.8004429840663,0
1690,867.5275586099647,367.11332600898317,15
1691,1780.810644019047,1497.0948011195194,7
1692,1303.9027096211712,1094.2048986003751,6
1693,1749.3103303439273,898.2882639367512,0
1694,116.94583413356541,327.91755748007324,9
1695,1298.738095066677,1481.3812346694303,11
1696,46.75394114065501,531.9017418923089,14
1697,1821.684252147469,101.55200251109409,17
1698,980.5592120487288,1889.8963352360452,4
1699,312.154681609923,1623.6377090750236,16
1700,1041.5767066309306,1266.4226251043851,11
1701,506.51095226818677,253.3293080835224,15
1702,1908.7701623425812,1897.8579964205358,7
1703,201.26294572688974,760.3142126547218,14
1704,463.23048636568933,1094.112547403096,1
1705,512.6959233622961,785.2331408720216,5
1706,1316.312142187541,672.1638916217368,10
1707,1074.8061997057648,1887.6876476146278,2
1708,722.9796291271098,1416.9654552320305,12
1709,635.594407845655,999.5593447636513,12
1710,35.41982566085488,518.8222178270097,14
1711,624.2167545791033,1247.609260656211,12
1712,899.2490524335368,1178.4292519157254,12
1713,16.506410618941423,576.7384134089158,14
1714,62.61504852725119,1053.2134707683026,1
1715,1113.6596598395263,1873.1551698676656,2
1716,85.48504045123107,649.0798566110325,14
1717,550.4834906669713,1642.0736462783814,8
1718,492.9214211890065,1262.0079964903464,12
1719,308.92608746020113,934.3865318755551,1
1720,412.96952235170005,1250.8877346066586,1
1721,1890.1884896481959,1814.3951980484912,7
1722,1279.9247586364372,1194.460591948852,11
1723,481.18638563965897,814.1812515701218,5
1724,64.47039202808224,1031.1812517191806,1
1725,1529.055190697319,454.1861166296788,10
1726,1092.3301427325391,41.77621583970592,3
1727,64.33085038844565,39.46207133691737,9
1728,1191.3513986223559,1416.0215306562984,11
1729,320.2073732336019,109.8081338263066,9
1730,1344.8727699985793,1235.1967198515956,11
1731,917.4478875887571,266.59330732709606,15
1732,849.3011714520339,1395.2642040499527,12
1733,1047.7613583301138,1365.008534483907,11
1734,327.447636664195,723.9385661964405,14
1735,409.15562296500997,1671.9938989186319,8
1736,612.8656254207667,1404.2339980067977,12
1737,1950.703760714954,1613.4397074740004,7
1738,439.1977463597867,1824.9236151706152,8
1739,1824.181854801897,1482.78793833128,7
1740,1557.1199025248582,876.4729438665959,0
1741,883.9100600122256,1766.6603835024878,4
1742,1859.4821411278767,238.2762830871148,17
1743,1822.4751671472172,141.89183701658382,17
1744,1120.6661625978902,105.65096485043313,3
1745,1067.8715918474481,417.24671334447083,10
1746,367.4719730848763,1859.7746769822513,8
1747,558.2723787868069,1082.3121786966826,12
1748,1290.9979798444806,389.57348331753707,10
1749,370.66511161751725,117.80519705139447,9
1750,630.3743354953704,1313.3866139921977,12
1751,1788.779190856362,1138.1858607315314,13
1752,1452.2793315903853,1990.1707527212484,2
1753,573.6227166684811,599.6998471311942,5
1754,750.2024340928895,388.6744521684578,15
1755,710.4577736913342,1873.7322590380286,4
1756,507.3419198025395,554.2195712923522,5
1757,772.0513781735145,869.7685641257647,5
1758,1512.062199308356,1106.2603515422243,13
1759,116.55233216860039,137.03852222350199,9
1760,122.0431880604116,77.6352793552737,9
1761,625.7302718211266,1110.1667945425602,12
1762,644.1382843536434,1947.6099374948767,4
1763,1909.5739636453281,717.3864147618865,0
1764,874.0699707090904,35.457552976744246,15
1765,330.3193413605035,34.73370287470124,9
1766,297.1995784175918,610.4699350422889,14
1767,623.7451210997722,17.804692658984322,15
1768,1945.7972268305264,1973.4253576116985,7
1769,1925.4630314831716,1024.3556228541936,13
1770,1751.6599075319098,1579.2090312710955,7
1771,1267.020410667765,1915.2452977028108,2
1772,166.3400795480212,193.54442522353477,9
1773,1412.718238420926,1212.5577272497903,11
1774,1259.4354340517723,1318.0312310576346,11
1775,188.26755103808935,871.7212027241044,1
1776,1475.0600854891268,650.8440413655765,10
1777,1485.7925628833614,1702.2199277811262,2
1778,1624.8950808987738,686.1907997185734,0
1779,64.23557397525425,1429.308547497034,16
1780,312.1827880926809,1859.740278590578,8
1781,1936.1422253151295,807.3447986704367,0
1782,1553.2455216266253,1788.5841466790785,2
1783,1906.0549614731997,106.39422558233646,17
1784,569.596229490109,1506.8315672679503,16
1785,702.7710123468418,1343.7663378395746,12
1786,312.64140713938684,1357.8190611552036,16
1787,1451.6319394696366,1514.1494784176361,11
1788,1672.0058473746114,1713.9387819473093,7
1789,218.8168732872795,998.2946551109892,1
1790,1531.6732886942239,103.99319892945091,17
1791,1955.4927105087543,84.97675545246341,17
1792,1363.809465742029,1915.0628374935927,2
1793,230.5146964458813,1505.7435141132216,16
1794,1599.346970308895,1006.6460123035639,13
1795,754.9671847694108,904.6449883477333,5
1796,1973.5223868736168,661.6903310024056,0
1797,1276.9334145143569,952.7891530817462,6
1798,1491.5580863448797,536.9578232961869,10
1799,494.52058782571993,1872.7402142406104,8
